journal_raw,n_articulos,pct
Chemical Engineering Journal,494,4.7
Journal of Environmental Chemical Engineering,413,4.0
Separation and Purification Technology,386,3.7
Chemosphere,384,3.7
Journal of Water Process Engineering,310,3.0
Environmental Science and Pollution Research,222,2.1
Journal of Hazardous Materials,182,1.7
Journal of hazardous materials,157,1.5
Science of the Total Environment,140,1.3
The Science of the total environment,138,1.3
Environmental research,136,1.3
Colloids and Surfaces A: Physicochemical and Engineering Aspects,126,1.2
Journal of Cleaner Production,123,1.2
Journal of environmental management,118,1.1
Desalination and Water Treatment,104,1.0
Water (Switzerland),100,1.0
Environmental Research,100,1.0
Journal of Molecular Liquids,99,0.9
RSC Advances,88,0.8
Journal of Colloid and Interface Science,87,0.8
Microchemical Journal,86,0.8
Water research,86,0.8
Molecules,85,0.8
Journal of Environmental Management,82,0.8
New Journal of Chemistry,78,0.7
"Environmental pollution (Barking, Essex : 1987)",75,0.7
Water Research,73,0.7
"Water, Air, and Soil Pollution",71,0.7
International journal of biological macromolecules,68,0.7
Process Safety and Environmental Protection,64,0.6
Journal of Alloys and Compounds,64,0.6
Surfaces and Interfaces,61,0.6
Applied Surface Science,61,0.6
Environmental Technology and Innovation,61,0.6
Inorganic Chemistry Communications,59,0.6
Bioresource technology,58,0.6
ACS Omega,57,0.5
Water Science and Technology,54,0.5
Polymers,53,0.5
Nanomaterials,51,0.5
Catalysts,50,0.5
Scientific reports,49,0.5
Journal of Molecular Structure,48,0.5
Environmental Pollution,48,0.5
Environmental Science: Nano,47,0.4
International Journal of Environmental Analytical Chemistry,45,0.4
International Journal of Biological Macromolecules,44,0.4
International Journal of Environmental Science and Technology,43,0.4
Environmental Science and Technology,41,0.4
Langmuir,41,0.4
Heliyon,40,0.4
Applied Catalysis B: Environmental,40,0.4
Antibiotics,39,0.4
Environmental Technology (United Kingdom),38,0.4
Journal of Solid State Chemistry,38,0.4
Talanta,37,0.4
Bioresource Technology,36,0.3
Scientific Reports,36,0.3
Journal of Industrial and Engineering Chemistry,35,0.3
Environmental Science: Water Research and Technology,34,0.3
Journal of the Taiwan Institute of Chemical Engineers,34,0.3
Biomass Conversion and Biorefinery,33,0.3
ChemistrySelect,33,0.3
Journal of Membrane Science,32,0.3
ACS Applied Nano Materials,32,0.3
ACS Applied Materials and Interfaces,31,0.3
Materials,31,0.3
Materials Chemistry and Physics,31,0.3
Frontiers in Microbiology,30,0.3
Processes,29,0.3
Inorganic Chemistry,29,0.3
Sustainability (Switzerland),29,0.3
Journal of Environmental Sciences (China),29,0.3
International Journal of Environmental Research and Public Health,28,0.3
Huanjing Kexue Xuebao/Acta Scientiae Circumstantiae,27,0.3
Journal of chromatography. A,26,0.2
Applied Sciences (Switzerland),26,0.2
Journal of Photochemistry and Photobiology A: Chemistry,24,0.2
Membranes,24,0.2
Applied Water Science,24,0.2
Chinese Journal of Environmental Engineering,23,0.2
Microporous and Mesoporous Materials,23,0.2
"Environmental Nanotechnology, Monitoring and Management",23,0.2
Environmental Chemistry,23,0.2
ACS ES and T Water,23,0.2
International Journal of Molecular Sciences,22,0.2
Ecotoxicology and Environmental Safety,22,0.2
Chinese Chemical Letters,22,0.2
Journal of Materials Science: Materials in Electronics,22,0.2
Results in Engineering,21,0.2
Applied Organometallic Chemistry,21,0.2
Chemical Engineering Science,19,0.2
Ceramics International,19,0.2
Journal of Inorganic and Organometallic Polymers and Materials,19,0.2
Desalination,19,0.2
Analytica chimica acta,19,0.2
Industrial Crops and Products,19,0.2
Materials Science in Semiconductor Processing,18,0.2
Diamond and Related Materials,18,0.2
Journal of Chemical Technology and Biotechnology,18,0.2
Food chemistry,18,0.2
Ecotoxicology and environmental safety,18,0.2
Results in Chemistry,18,0.2
Huanjing Kexue/Environmental Science,17,0.2
Toxics,17,0.2
Chemical Engineering Research and Design,17,0.2
Water Environment Research,17,0.2
Pharmaceutics,16,0.2
Frontiers of Environmental Science and Engineering,16,0.2
Arabian Journal of Chemistry,16,0.2
Industrial and Engineering Chemistry Research,16,0.2
Journal of Materials Chemistry A,15,0.1
Research on Chemical Intermediates,15,0.1
Materials Today Communications,15,0.1
Environmental science and pollution research international,15,0.1
Sensors and Actuators B: Chemical,14,0.1
Journal of Hazardous Materials Advances,14,0.1
Dalton Transactions,14,0.1
Environmental Chemistry Letters,14,0.1
Journal of Porous Materials,14,0.1
Journal of colloid and interface science,14,0.1
Carbohydrate polymers,14,0.1
Applied Clay Science,14,0.1
Electrochimica Acta,14,0.1
Frontiers in Environmental Science,14,0.1
Nanotechnology,13,0.1
CrystEngComm,13,0.1
Environmental monitoring and assessment,13,0.1
Zhongguo Huanjing Kexue/China Environmental Science,13,0.1
Separation Science and Technology (Philadelphia),13,0.1
Polyhedron,13,0.1
Alexandria Engineering Journal,13,0.1
Materials Letters,13,0.1
Algal Research,12,0.1
Analytica Chimica Acta,12,0.1
Materials Today Chemistry,12,0.1
"Spectrochimica acta. Part A, Molecular and biomolecular spectroscopy",12,0.1
Biochar,12,0.1
Case Studies in Chemical and Environmental Engineering,12,0.1
Huagong Jinzhan/Chemical Industry and Engineering Progress,12,0.1
ACS ES and T Engineering,12,0.1
Materials Advances,11,0.1
Environmental Progress and Sustainable Energy,11,0.1
Chemical Engineering Communications,11,0.1
Chemical Papers,11,0.1
Journal of Electroanalytical Chemistry,11,0.1
Cellulose,11,0.1
Optical Materials,11,0.1
npj Clean Water,11,0.1
Journal of Polymers and the Environment,11,0.1
Advanced Functional Materials,10,0.1
Water Practice and Technology,10,0.1
Sustainable Materials and Technologies,10,0.1
Sustainable Chemistry and Pharmacy,10,0.1
Journal of the Indian Chemical Society,10,0.1
Coordination Chemistry Reviews,10,0.1
Dyes and Pigments,10,0.1
Catalysis Today,10,0.1
Emerging Contaminants,10,0.1
Electroanalysis,10,0.1
Gels,10,0.1
Polymer Bulletin,10,0.1
Materials Today Sustainability,10,0.1
Materials Research Bulletin,9,0.1
Mikrochimica acta,9,0.1
Separations,9,0.1
Xiandai Huagong/Modern Chemical Industry,9,0.1
Chemistry Africa,9,0.1
Chinese Journal of Chemical Engineering,9,0.1
Crystal Growth and Design,9,0.1
Nanotechnology for Environmental Engineering,9,0.1
Analytical Methods,9,0.1
Korean Journal of Chemical Engineering,9,0.1
Analyst,9,0.1
Reactive and Functional Polymers,9,0.1
PLoS ONE,9,0.1
Adsorption Science and Technology,9,0.1
Journal of Ecological Engineering,9,0.1
Journal of Dispersion Science and Technology,9,0.1
Environmental Processes,9,0.1
Journal of Chromatography A,9,0.1
Frontiers in Chemistry,9,0.1
Environmental Engineering Science,9,0.1
Polymers for Advanced Technologies,8,0.1
Advanced Oxidation Process-Based Integrated and Hybrid Technologies for Degradation of Pharmaceuticals and Personal Care Products,8,0.1
Water environment research : a research publication of the Water Environment Federation,8,0.1
Advanced Sustainable Systems,8,0.1
Journal of Environmental Science and Health - Part A Toxic/Hazardous Substances and Environmental Engineering,8,0.1
Journal of Environmental Health Science and Engineering,8,0.1
Journal of Drug Delivery Science and Technology,8,0.1
Inorganic Chemistry Frontiers,8,0.1
International Journal of Environmental Research,8,0.1
Iranian Journal of Chemistry and Chemical Engineering,8,0.1
Environmental Monitoring and Assessment,8,0.1
Current Opinion in Environmental Science and Health,8,0.1
Catalysis Letters,8,0.1
Carbohydrate Polymer Technologies and Applications,8,0.1
ACS Applied Bio Materials,8,0.1
Microorganisms,7,0.1
Microchimica Acta,7,0.1
Environment international,7,0.1
Energy. Environ. Sustain.,7,0.1
Journal of the Electrochemical Society,7,0.1
Environmental Engineering Research,7,0.1
PloS one,7,0.1
Journal of Sol-Gel Science and Technology,7,0.1
Journal of Separation Science,7,0.1
Journal of Physics and Chemistry of Solids,7,0.1
Critical Reviews in Environmental Science and Technology,7,0.1
Chemical Engineering Journal Advances,7,0.1
Groundwater for Sustainable Development,7,0.1
Journal of Environmental Engineering (United States),7,0.1
Applied Materials Today,7,0.1
Chemical Engineering and Processing - Process Intensification,7,0.1
Carbohydrate Polymers,7,0.1
Ultrasonics Sonochemistry,7,0.1
International Journal of Design and Nature and Ecodynamics,6,0.1
"Journal of Biomaterials Science, Polymer Edition",6,0.1
Inorganica Chimica Acta,6,0.1
Small,6,0.1
"Small (Weinheim an der Bergstrasse, Germany)",6,0.1
Biomacromolecules,6,0.1
Solid State Sciences,6,0.1
Journal of Cluster Science,6,0.1
Huanjing Kexue Xuebao / Acta Scientiae Circumstantiae,6,0.1
Carbon Letters,6,0.1
Spectrochimica Acta - Part A: Molecular and Biomolecular Spectroscopy,6,0.1
Chinese Journal of Analytical Chemistry,6,0.1
RSC Sustainability,6,0.1
Journal of Nanoparticle Research,6,0.1
"Reaction Kinetics, Mechanisms and Catalysis",6,0.1
South African Journal of Chemical Engineering,6,0.1
Journal of Materials Chemistry B,6,0.1
ChemNanoMat,6,0.1
Global Nest Journal,6,0.1
"Journal of Hazardous, Toxic, and Radioactive Waste",6,0.1
Materials Research Express,6,0.1
Nano,6,0.1
Environmental Science: Processes and Impacts,6,0.1
Next Materials,6,0.1
Development in Wastewater Treatment Research and Processes: Removal of Emerg. Contaminants from Wastewater through Bio-nanotechnology,6,0.1
Analytical Chemistry,6,0.1
Fuhe Cailiao Xuebao/Acta Materiae Compositae Sinica,6,0.1
Materials Science and Engineering: B,6,0.1
"Advances in Treatment Methods Towards Emerging Contaminants: Sources, Occurrences and Health Effects",6,0.1
Biosensors & bioelectronics,6,0.1
Emergent Materials,6,0.1
Minerals,6,0.1
Green Chemistry,5,0.0
Royal Society Open Science,5,0.0
Chemical Engineering Transactions,5,0.0
Advanced Composites and Hybrid Materials,5,0.0
Water and Environment Journal,5,0.0
Clays and Clay Minerals,5,0.0
Cleaner Water,5,0.0
Advanced Powder Technology,5,0.0
Malaysian Journal of Analytical Sciences,5,0.0
Environmental Advances,5,0.0
Environmental Chemistry and Ecotoxicology,5,0.0
BMC Chemistry,5,0.0
Journal of contaminant hydrology,5,0.0
Environmental Science: Advances,5,0.0
Environmental geochemistry and health,5,0.0
Journal of Materials Science,5,0.0
Gaodeng Xuexiao Huaxue Xuebao/Chemical Journal of Chinese Universities,5,0.0
Adsorption,5,0.0
ACS Applied Polymer Materials,5,0.0
International Journal of Electrochemical Science,5,0.0
Canadian Journal of Chemical Engineering,5,0.0
Applied Catalysis A: General,5,0.0
iScience,5,0.0
Catalysis Communications,5,0.0
Carbon,5,0.0
Bioprocess and Biosystems Engineering,5,0.0
Topics in Catalysis,5,0.0
International Journal of Chemical Reactor Engineering,5,0.0
Nano-Structures and Nano-Objects,5,0.0
Foods,5,0.0
BMC Microbiology,5,0.0
Journal of the Iranian Chemical Society,5,0.0
Environmental Geochemistry and Health,5,0.0
Lizi Jiaohuan Yu Xifu/Ion Exchange and Adsorption,5,0.0
Nature Communications,5,0.0
Environment International,5,0.0
Environ. Sci. Eng.,5,0.0
Microbial Pathogenesis,5,0.0
BioNanoScience,5,0.0
Engineering Proceedings,5,0.0
Journal of Analytical and Applied Pyrolysis,5,0.0
Advances in Sample Preparation,5,0.0
Micromachines,5,0.0
Biointerface Research in Applied Chemistry,4,0.0
Mater. Horiz.,4,0.0
Sustainable Water Resources Management,4,0.0
Talanta Open,4,0.0
International Journal of Chemical Engineering,4,0.0
Iraqi Journal of Agricultural Sciences,4,0.0
Journal of Chemical Research,4,0.0
Journal of Applied Polymer Science,4,0.0
Materials and Design,4,0.0
Journal of the American Chemical Society,4,0.0
Bioresource Technology Reports,4,0.0
Water Cycle,4,0.0
Magnetochemistry,4,0.0
Plasma Science and Technology,4,0.0
Bioengineered,4,0.0
Environments - MDPI,4,0.0
"Clean - Soil, Air, Water",4,0.0
Chinese Journal of Chromatography (Se Pu),4,0.0
"Chemistry, an Asian journal",4,0.0
Journal of Instrumental Analysis,4,0.0
Green Energy and Technology,4,0.0
Catalysis Science and Technology,4,0.0
Journal of Food Composition and Analysis,4,0.0
Rasayan Journal of Chemistry,4,0.0
Rare Metals,4,0.0
Advanced Materials Interfaces,4,0.0
Russian Journal of Physical Chemistry A,4,0.0
Development in Wastewater Treatment Research and Processes: Innovative Trends in Removal of Refractory Pollutants from Pharmaceutical Wastewater,4,0.0
Nanoscale,4,0.0
Angewandte Chemie - International Edition,4,0.0
Clean Technologies and Environmental Policy,4,0.0
Radiation Physics and Chemistry,4,0.0
Biomaterials Science,4,0.0
Chemical Engineering and Technology,4,0.0
Applied Nanoscience (Switzerland),4,0.0
ChemElectroChem,4,0.0
International journal of nanomedicine,4,0.0
International Journal of Phytoremediation,4,0.0
Cellulose Chemistry and Technology,4,0.0
The Treatment of Pharmaceutical Wastewater: Innovative Technologies and the Adaptation of Treatment Systems,4,0.0
International journal of pharmaceutics,4,0.0
International Biodeterioration and Biodegradation,4,0.0
Water Supply,4,0.0
Ionics,4,0.0
Vietnam Journal of Science and Technology,4,0.0
Water Conservation Science and Engineering,4,0.0
Ultrasonics sonochemistry,4,0.0
Aquaculture,4,0.0
Journal of Xenobiotics,4,0.0
European Polymer Journal,4,0.0
Journal of Saudi Chemical Society,4,0.0
Powder Technology,4,0.0
FlatChem,4,0.0
Journal of the Chilean Chemical Society,4,0.0
Egyptian Journal of Chemistry,4,0.0
Journal of Pharmaceutical and Biomedical Analysis,4,0.0
Current Analytical Chemistry,4,0.0
Journal of Safety and Environment,4,0.0
Journal of Soils and Sediments,4,0.0
Food Chemistry,3,0.0
Gongneng Cailiao/Journal of Functional Materials,3,0.0
Composites Part B: Engineering,3,0.0
Current Opinion in Green and Sustainable Chemistry,3,0.0
Progress in Chemistry,3,0.0
Journal of Health Sciences and Surveillance System,3,0.0
Journal of Functional Biomaterials,3,0.0
Journal of Environmental Quality,3,0.0
Surfaces,3,0.0
Journal of Environmental Engineering Technology,3,0.0
Process Biochemistry,3,0.0
Remediation,3,0.0
Journal of Nanostructures,3,0.0
Sains Malaysiana,3,0.0
Reviews in Chemical Engineering,3,0.0
Journal of Materials Chemistry C,3,0.0
Coatings,3,0.0
Research Journal of Chemistry and Environment,3,0.0
Reviews in Environmental Science and Biotechnology,3,0.0
Green Analytical Chemistry,3,0.0
Chemosensors,3,0.0
"Water Security: Big Data-Driven Risk Identification, Assessment and Control of Emerging Contaminants",3,0.0
Zeitschrift fur Physikalische Chemie,3,0.0
Iranian Journal of Health and Environment,3,0.0
International Journal of Environmental Studies,3,0.0
Bulletin of Environmental Contamination and Toxicology,3,0.0
Bulletin of Chemical Reaction Engineering and Catalysis,3,0.0
Brazilian Journal of Chemical Engineering,3,0.0
Biomaterials advances,3,0.0
Urban Water Journal,3,0.0
Carbon Research,3,0.0
Water Research X,3,0.0
ACS Sustainable Chemistry and Engineering,3,0.0
Iranian Journal of Catalysis,3,0.0
Vietnam Journal of Chemistry,3,0.0
International Journal of Drug Delivery Technology,3,0.0
ASEAN Engineering Journal,3,0.0
Applied Surface Science Advances,3,0.0
Sustainable Chemistry for the Environment,3,0.0
Vacuum,3,0.0
Biomass and Bioenergy,3,0.0
Science and Technology Indonesia,3,0.0
Green Processing and Synthesis,3,0.0
Guocheng Gongcheng Xuebao/The Chinese Journal of Process Engineering,3,0.0
Handb. Environ. Chem.,3,0.0
Chemistry - An Asian Journal,3,0.0
"Chemistry (Weinheim an der Bergstrasse, Germany)",3,0.0
Chemical Communications,3,0.0
ChemPlusChem,3,0.0
Chinese Journal of Inorganic Chemistry,3,0.0
Acta Periodica Technologica,3,0.0
Frontiers in Physiology,3,0.0
Scientific African,3,0.0
Open Chemistry,3,0.0
Nano Research,3,0.0
Discover Applied Sciences,3,0.0
"Molecules (Basel, Switzerland)",3,0.0
Journal of the mechanical behavior of biomedical materials,3,0.0
Environmental Sciences Europe,3,0.0
Journal of the Brazilian Chemical Society,3,0.0
Nanoscale Advances,3,0.0
Current Research in Green and Sustainable Chemistry,3,0.0
Current Pollution Reports,3,0.0
Photochemical and Photobiological Sciences,3,0.0
Plant Stress,3,0.0
"Development in Wastewater Treatment Research and Processes: Emerg. Technologies for Removal of Pharmaceuticals and Personal Care Products: State of the Art, Challenges and Future Perspectives",3,0.0
Biochemical Engineering Journal,3,0.0
Fibers and Polymers,3,0.0
Environmental Science and Ecotechnology,3,0.0
Journal of Rare Earths,3,0.0
Journal of Polymer Science,3,0.0
Current Developments in Biotechnology and Bioengineering: Bioremediation of Endocr. Disrupting Pollutants in Industrial Wastewater,3,0.0
Polymer Chemistry,3,0.0
Asian Journal of Chemistry,3,0.0
Fuel,3,0.0
Fullerenes Nanotubes and Carbon Nanostructures,3,0.0
Food Bioscience,3,0.0
Proceedings of the National Academy of Sciences of the United States of America,3,0.0
"Procedia Environmental Science, Engineering and Management",3,0.0
Analytical Letters,3,0.0
Analytical and Bioanalytical Chemistry,3,0.0
Journal of Water and Environment Technology,3,0.0
Physical Sciences Reviews,3,0.0
Degrad. of Antibiotics and Antibiotic-Resistant Bacteria From Various Sources,3,0.0
Detect. and Treat. of Emerg. Contam. in Wastewater,3,0.0
BioChar: Applications for Bioremediation of Contaminated Systems,3,0.0
"Materials science & engineering. C, Materials for biological applications",3,0.0
MethodsX,3,0.0
Environmental Health Engineering and Management,3,0.0
Environmental Research and Technology,3,0.0
Nature Environment and Pollution Technology,3,0.0
Nature Water,3,0.0
Optik,3,0.0
Ecological Engineering,3,0.0
Membrane and Water Treatment,3,0.0
Malaysian Journal of Microscopy,3,0.0
Marine Pollution Bulletin,3,0.0
Beijing Daxue Xuebao (Ziran Kexue Ban)/Acta Scientiarum Naturalium Universitatis Pekinensis,3,0.0
Environmental Quality Management,3,0.0
Environment and Water Engineering,3,0.0
Synthetic Metals,3,0.0
Energy Environmental Protection,3,0.0
Agronomy,3,0.0
Energies,3,0.0
Molecular Pharmaceutics,3,0.0
Ain Shams Engineering Journal,3,0.0
Biocatalysis and Agricultural Biotechnology,3,0.0
International Journal of Pharmaceutics,3,0.0
Waste Disposal and Sustainable Energy,3,0.0
Traditional and Novel Adsorbents for Antibiotics Remov. from Wastewater,3,0.0
TrAC - Trends in Analytical Chemistry,3,0.0
Toxin Reviews,3,0.0
Bulletin of Materials Science,3,0.0
Journal of Advances in Environmental Health Research,3,0.0
Journal of Analytical Methods in Chemistry,3,0.0
Journal of Applied Electrochemistry,3,0.0
Indonesian Journal of Chemistry,3,0.0
International Journal of Sustainable Development and Planning,2,0.0
International Review of Civil Engineering,2,0.0
International journal of phytoremediation,2,0.0
Asia-Pacific Journal of Chemical Engineering,2,0.0
Yankuang Ceshi,2,0.0
ACS Biomaterials Science and Engineering,2,0.0
Zeitschrift fur Anorganische und Allgemeine Chemie,2,0.0
Water Science and Engineering,2,0.0
Biosensors,2,0.0
Water Emerging Contaminants and Nanoplastics,2,0.0
Microbe Mediated Remediation of Environmental Contaminants,2,0.0
Microbial Drug Resistance,2,0.0
Materials Today: Proceedings,2,0.0
BioResources,2,0.0
Engenharia Sanitaria e Ambiental,2,0.0
Engineering Research Express,2,0.0
Matter,2,0.0
Ecological Engineering and Environmental Technology,2,0.0
Ecological Frontiers,2,0.0
Ecological Indicators,2,0.0
Micro,2,0.0
"Environment, Development and Sustainability",2,0.0
EnvironmentAsia,2,0.0
Emerg. Water Pollutants: Concerns and Remediation Technologies,2,0.0
Energy Conversion and Management,2,0.0
"Microconstituents in the Environment: Occurrence, Fate, Remov., and Management",2,0.0
Molecular Catalysis,2,0.0
Microbial pathogenesis,2,0.0
Advances in colloid and interface science,2,0.0
"Energy, Ecology and Environment",2,0.0
Measurement: Journal of the International Measurement Confederation,2,0.0
Met.-Org. Framew. Compos.: Vol. 1: ZIF-8 Based Mater. for Pharm. Waste,2,0.0
Marine Drugs,2,0.0
Marine pollution bulletin,2,0.0
Materials Horizons,2,0.0
Jurnal Kejuruteraan,2,0.0
Kexue Tongbao/Chinese Science Bulletin,2,0.0
Key Eng Mat,2,0.0
Latin American Journal of Pharmacy,2,0.0
Life,2,0.0
MRS Advances,2,0.0
Macromolecular Materials and Engineering,2,0.0
Journal of nanobiotechnology,2,0.0
Environmental Technology Reviews,2,0.0
Environmental science & technology,2,0.0
Nanotechnol. Life. Sci.,2,0.0
Nanotechnology Reviews,2,0.0
Nano Energy,2,0.0
"Emerg. Contam. in Soil and Groundw. Syst.: Occur., Impact, Fate and Transp.",2,0.0
Emerg. Contaminants in the Environment: Challenges and Sustainable Practices,2,0.0
"Emerg. Contaminants in the Terrestrial-Aquatic-Atmosphere Continuum: Occurrence, Health Risks and Mitig.",2,0.0
Discover Sustainability,2,0.0
Microbiology spectrum,2,0.0
Orbital,2,0.0
Ozone: Science and Engineering,2,0.0
ECS Journal of Solid State Science and Technology,2,0.0
Earth Systems and Environment,2,0.0
Ecletica Quimica,2,0.0
Ecohydrology and Hydrobiology,2,0.0
Nanomedicine Research Journal,2,0.0
Environmental Earth Sciences,2,0.0
Environmental Geotechnics,2,0.0
Fermentation,2,0.0
Environmental Science and Technology Letters,2,0.0
Journal of the Chinese Chemical Society,2,0.0
Journal of the Science of Food and Agriculture,2,0.0
Analytica,2,0.0
Analytical Methods in Environmental Chemistry Journal,2,0.0
Frontiers in Environmental Chemistry,2,0.0
European Journal of Inorganic Chemistry,2,0.0
Analytical and Bioanalytical Electrochemistry,2,0.0
Journal of molecular recognition : JMR,2,0.0
Journal of Thermal Analysis and Calorimetry,2,0.0
Journal of Water and Health,2,0.0
Polymer Engineering and Science,2,0.0
Physica Scripta,2,0.0
Plant Archives,2,0.0
Plant Physiology and Biochemistry,2,0.0
PLOS ONE,2,0.0
Particuology,2,0.0
Pathogens,2,0.0
PeerJ,2,0.0
Dental materials : official publication of the Academy of Dental Materials,2,0.0
Pharmaceuticals,2,0.0
Advanced Science,2,0.0
Advances in Colloid and Interface Science,2,0.0
Polish Journal of Environmental Studies,2,0.0
"Bioelectrochemistry (Amsterdam, Netherlands)",2,0.0
Bioengineering,2,0.0
Bioinorganic Chemistry and Applications,2,0.0
Polycyclic Aromatic Compounds,2,0.0
Polymer Composites,2,0.0
Journal of applied microbiology,2,0.0
Journal of biomedical materials research. Part A,2,0.0
"Journal of chromatography. B, Analytical technologies in the biomedical and life sciences",2,0.0
BMC Veterinary Research,2,0.0
BMC microbiology,2,0.0
BMC plant biology,2,0.0
Food Analytical Methods,2,0.0
Polymers and Polymer Composites,2,0.0
Progress in Organic Coatings,2,0.0
Pure and Applied Chemistry,2,0.0
Advanced Optical Materials,2,0.0
Current Nanoscience,2,0.0
Colloids and Surfaces B: Biointerfaces,2,0.0
"Colloids and surfaces. B, Biointerfaces",2,0.0
Food Control,2,0.0
Journal of Soil Science and Plant Nutrition,2,0.0
Journal of Pharmaceutical Innovation,2,0.0
Journal of Photochemistry and Photobiology C: Photochemistry Reviews,2,0.0
Frontiers of Chemical Science and Engineering,2,0.0
Avicenna Journal of Environmental Health Engineering,2,0.0
Revista Brasileira de Ciencias Ambientais,2,0.0
RSC Applied Polymers,2,0.0
Computational and Theoretical Chemistry,2,0.0
Critical Reviews in Biotechnology,2,0.0
Cleaner Environmental Systems,2,0.0
Journal of Plant Nutrition and Soil Science,2,0.0
Journal of Molecular Modeling,2,0.0
Journal of Nanostructure in Chemistry,2,0.0
Global Journal of Environmental Science and Management,2,0.0
Frontiers in Nanotechnology,2,0.0
Frontiers in Pharmacology,2,0.0
Journal of Liquid Chromatography and Related Technologies,2,0.0
SN Applied Sciences,2,0.0
Rengong Jingti Xuebao/Journal of Synthetic Crystals,2,0.0
"Resources, Environment and Sustainability",2,0.0
Cleaner Materials,2,0.0
Colloid and Polymer Science,2,0.0
Chinese Journal of Catalysis,2,0.0
Chinese Journal of Chemical Physics,2,0.0
Results in Materials,2,0.0
Results in Surfaces and Interfaces,2,0.0
Journal of Materials Science and Technology,2,0.0
Journal of Membrane Science and Research,2,0.0
Angewandte Chemie (International ed. in English),2,0.0
Annals of Biology,2,0.0
Antibiotic Materials in Healthcare,2,0.0
Applied Biochemistry and Biotechnology,2,0.0
Journal of Fruit Science,2,0.0
Journal of Hydrology,2,0.0
ChemPhysChem,2,0.0
ChemSusChem,2,0.0
Sensing and Bio-Sensing Research,2,0.0
Revista Internacional de Contaminacion Ambiental,2,0.0
Revista Materia,2,0.0
Russian Journal of Applied Chemistry,2,0.0
Russian Journal of General Chemistry,2,0.0
Sorbtsionnye i Khromatograficheskie Protsessy,2,0.0
"Sensors and Actuators, B: Chemical",2,0.0
Adsorption and Degradation of Emerging Contaminants in Soils and Water,2,0.0
Adv. Sci. Tech. Inno.,2,0.0
Advanced Mater. for Sustainable Environmental Remediation: Terrestrial and Aquatic Environments,2,0.0
Science China Materials,2,0.0
Chemistry - A European Journal,2,0.0
Journal of Industrial Textiles,2,0.0
Journal of Dairy Science,2,0.0
Journal of Ecology and Rural Environment,2,0.0
Journal of Electronic Materials,2,0.0
IEEE Sensors Journal,2,0.0
Guangdong Agricultural Sciences,2,0.0
"Journal of Environmental Science and Health - Part B Pesticides, Food Contaminants, and Agricultural Wastes",2,0.0
Surface Science,2,0.0
Sustainable Chemistry One World,2,0.0
Soft Matter,2,0.0
Chemical Physics Impact,2,0.0
Chemical Physics Letters,2,0.0
Chemical Review and Letters,2,0.0
Solar Energy,2,0.0
Journal of Contaminant Hydrology,2,0.0
Journal of Controlled Release,2,0.0
"Aqua Water Infrastructure, Ecosystems and Society",2,0.0
Journal of Coordination Chemistry,2,0.0
Inorganic and Nano-Metal Chemistry,2,0.0
"Himia, Fizika ta Tehnologia Poverhni",2,0.0
Huadong Ligong Daxue Xuebao/Journal of East China University of Science and Technology,2,0.0
Huan jing ke xue= Huanjing kexue,2,0.0
Sustainable Environment,2,0.0
Sustainable Remediation Technologies for Emerg. Pollutants in Aqueous Environment,2,0.0
Springer. Proc. Earth. Environ. Sci.,2,0.0
Biomaterials,2,0.0
Biomedical Waste Management: Recycling and Remediation Strategies,2,0.0
Universitas Scientiarum,2,0.0
The Journal of chemical physics,2,0.0
Cellular and Molecular Biology,2,0.0
Journal of Chemistry,2,0.0
Journal of Analytical Chemistry,2,0.0
International Journal of Applied Pharmaceutics,2,0.0
Indian Journal of Pharmaceutical Education and Research,2,0.0
Journal of Applied Microbiology,2,0.0
Journal of Applied Phycology,2,0.0
"Izvestiya Vysshikh Uchebnykh Zavedenii, Seriya Teknologiya Tekstil'noi Promyshlennosti",2,0.0
3 Biotech,2,0.0
Viruses,2,0.0
Visible Light Active Structured Photocatalysts for the Remov. of Emerg. Contaminants: Science and Engineering,2,0.0
Waste Management,2,0.0
Waste and Biomass Valorization,2,0.0
Trends in Environmental Analytical Chemistry,2,0.0
Trends in Sciences,2,0.0
Turkish Journal of Chemistry,2,0.0
C-Journal of Carbon Research,2,0.0
Jiegou Huaxue,2,0.0
International Journal of Food Microbiology,2,0.0
Arabian Journal for Science and Engineering,2,0.0
Biomimetics,2,0.0
Water Resources and Industry,2,0.0
Water SA,2,0.0
ACS Sensors,2,0.0
ACS Sustainable Resource Management,2,0.0
ACS Symp. Ser.,2,0.0
ACS biomaterials science & engineering,2,0.0
ACS Nano,2,0.0
World journal of microbiology & biotechnology,1,0.0
ACS Catalysis,1,0.0
ACS Chemical Health and Safety,1,0.0
ACS Earth and Space Chemistry,1,0.0
ACS Environmental Au,1,0.0
ACS Environmental Science and Technology Water,1,0.0
ACS Food Science and Technology,1,0.0
World Journal of Microbiology and Biotechnology,1,0.0
AIMS Environmental Science,1,0.0
AIChE Journal,1,0.0
ACS nano,1,0.0
Water Reuse,1,0.0
Virologica Sinica,1,0.0
Virology journal,1,0.0
Bioresources and Bioprocessing,1,0.0
Biosensors and Bioelectronics: X,1,0.0
Biotechnology and Bioengineering,1,0.0
Biotechnology and Bioprocess Engineering,1,0.0
Biotechnology for Environmental Protection,1,0.0
Water Conservation and Management,1,0.0
ACS Infectious Diseases,1,0.0
ACS Materials Au,1,0.0
ACS Materials Letters,1,0.0
ACS Physical Chemistry Au,1,0.0
Virus Evolution,1,0.0
Waste Management Bulletin,1,0.0
Trends in Biomaterials and Artificial Organs,1,0.0
Trends in Biotechnology,1,0.0
Interface Focus,1,0.0
Internal Medicine,1,0.0
International Communications in Heat and Mass Transfer,1,0.0
"International Conference on Materials, Processing & Characterization (13th ICMPC)",1,0.0
Iranian Endodontic Journal,1,0.0
Iranian Journal of Ichthyology,1,0.0
Iranian Journal of Pharmaceutical Research,1,0.0
Iranian Journal of Pharmaceutical Sciences,1,0.0
International Journal of Ecosystems and Ecology Science,1,0.0
International Journal of Energy Research,1,0.0
"International Journal of Engineering, Transactions A: Basics",1,0.0
International Journal of Environmental Health Research,1,0.0
International Journal of Food Science and Technology,1,0.0
International Journal of Hydrogen Energy,1,0.0
International Journal of Hygiene and Environmental Health,1,0.0
"International Journal of Minerals, Metallurgy and Materials",1,0.0
Journal of Advanced Research in Micro and Nano Engineering,1,0.0
Journal of Advanced Veterinary and Animal Research,1,0.0
Journal of Agricultural and Food Chemistry,1,0.0
International Journal of Polymeric Materials and Polymeric Biomaterials,1,0.0
International journal of hygiene and environmental health,1,0.0
Archives of Environmental Contamination and Toxicology,1,0.0
Archives of Environmental Protection,1,0.0
Archives of Microbiology,1,0.0
Archives of Razi Institute,1,0.0
Archives of Virology,1,0.0
Archives of microbiology,1,0.0
Arhiv za higijenu rada i toksikologiju,1,0.0
Arquivo Brasileiro de Medicina Veterinaria e Zootecnia,1,0.0
Integrated Ferroelectrics,1,0.0
Interactions,1,0.0
Interdisciplinary Neurosurgery: Advanced Techniques and Case Management,1,0.0
Infection and immunity,1,0.0
"Infection, Genetics and Evolution",1,0.0
Journal of Applied Research in Water and Wastewater,1,0.0
Journal of Applied Spectroscopy,1,0.0
Journal of Applied Water Engineering and Research,1,0.0
Journal of Babol University of Medical Sciences,1,0.0
Journal of Basic Microbiology,1,0.0
"Iranian Journal of Science and Technology, Transaction A: Science",1,0.0
Iranian Polymer Journal (English Edition),1,0.0
Iraqi Journal of Pharmaceutical Sciences,1,0.0
JBJS Open Access,1,0.0
JOM,1,0.0
Jordan Journal of Biological Sciences,1,0.0
Jordan Journal of Civil Engineering,1,0.0
Journal of AOAC International,1,0.0
Journal of Advanced Ceramics,1,0.0
Journal of Chromatography B: Analytical Technologies in the Biomedical and Life Sciences,1,0.0
Journal of Chromatography Open,1,0.0
Journal of Clinical Laboratory Analysis,1,0.0
Journal of Alzheimer's Disease,1,0.0
Journal of Animal Health and Production,1,0.0
Journal of Animal Science and Biotechnology,1,0.0
Journal of Antimicrobial Chemotherapy,1,0.0
International Journal of Agricultural Technology,1,0.0
International Journal of Agricultural and Environmental Information Systems,1,0.0
International Journal of Artificial Organs,1,0.0
International Journal of Conservation Science,1,0.0
International Journal of Dentistry,1,0.0
Indian Journal of Environmental Protection,1,0.0
Indian Journal of Forensic Medicine and Toxicology,1,0.0
Infection Control and Hospital Epidemiology,1,0.0
Infection and Chemotherapy,1,0.0
Journal of Bone and Joint Surgery,1,0.0
Journal of Boron,1,0.0
Journal of Carbohydrate Chemistry,1,0.0
Ingenieria y Universidad,1,0.0
Inorganic Materials,1,0.0
Inorganics,1,0.0
Instrumentation Science and Technology,1,0.0
Integr. Microbial Fuel Cells for Wastewater Treatment,1,0.0
Integr. and Hybrid Process Technology for Water and Wastewater Treatment,1,0.0
"Herald of the Bauman Moscow State Technical University, Series Natural Sciences",1,0.0
Heritage and Sustainable Development,1,0.0
Holistic Approach to Environment,1,0.0
Huaxue Fanying Gongcheng Yu Gongyi/Chemical Reaction Engineering and Technology,1,0.0
Journal of Central South University,1,0.0
Journal of Chemical Information and Modeling,1,0.0
Journal of Chemical and Engineering Data,1,0.0
Journal of Environmental Engineering and Science,1,0.0
Journal of Environmental Protection and Ecology,1,0.0
Journal of Environmental Science International,1,0.0
Journal of Environmental Sciences,1,0.0
Journal of Environmental Treatment Techniques,1,0.0
Journal of Conservative Dentistry,1,0.0
Journal of Conservative Dentistry and Endodontics,1,0.0
Applied Catalysis O: Open,1,0.0
Applied Microbiology and Biotechnology,1,0.0
Applied Physics A: Materials Science and Processing,1,0.0
Applied Science and Engineering Progress,1,0.0
Applied and Environmental Microbiology,1,0.0
Journal of Biomaterials Applications,1,0.0
Journal of Biomedical Materials Research - Part A,1,0.0
Journal of Biomedical Materials Research - Part B Applied Biomaterials,1,0.0
"Journal of Biomimetics, Biomaterials and Biomedical Engineering",1,0.0
Journal of Global Antimicrobial Resistance,1,0.0
Journal of Hazardous Materials Letters,1,0.0
Journal of Health System Research,1,0.0
Journal of Electrochemistry,1,0.0
Journal of Endodontics,1,0.0
Journal of Engineering and Sustainable Development,1,0.0
Journal of Engineering and Technological Sciences,1,0.0
HydroResearch,1,0.0
IEEE Transactions on Nanobioscience,1,0.0
IEEE Transactions on Plasma Science,1,0.0
Indian Chemical Engineer,1,0.0
Indian Journal of Animal Sciences,1,0.0
Indian Journal of Chemical Technology,1,0.0
Indian Journal of Ecology,1,0.0
Gut,1,0.0
H2Open Journal,1,0.0
Gao Xiao Hua Xue Gong Cheng Xue Bao/Journal of Chemical Engineering of Chinese Universities,1,0.0
Gene Reports,1,0.0
Genes,1,0.0
Georgian Medical News,1,0.0
Giant,1,0.0
Antibiotic Residue and Resistance in Seaf. Saf. and Quality,1,0.0
Antibiotiki i Khimioterapiya,1,0.0
Antimicrobial Nanosystems: Fabrication and Development,1,0.0
Antimicrobial Research and One Health in Afr.,1,0.0
Antioxidants,1,0.0
Appl. Water Science Volume 1: Fundamentals and Applications,1,0.0
Journal of Ethnopharmacology,1,0.0
Journal of Fish Diseases,1,0.0
Journal of Fisheries of China,1,0.0
Journal of Food Science,1,0.0
Journal of Food Science and Technology,1,0.0
Journal of Microbiology and Biotechnology,1,0.0
Journal of Isfahan Medical School,1,0.0
"Journal of King Abdulaziz University, Marine Science",1,0.0
Animals,1,0.0
Annals of Animal Science,1,0.0
Annals of clinical microbiology and antimicrobials,1,0.0
"Handb. of Green and Sustainable Nanotechnol.: Fundamentals, Developments and Applications: Volume 1-4",1,0.0
"Handb. of Nanocelluloses: Classification, Properties, Fabrication, and Emerg. Applications",1,0.0
"Handb. of Nanotechnology Applications: Environment, Energy, Agriculture and Medicine",1,0.0
Handb. of Water Pollut.,1,0.0
Handb. of Water Purity and Quality,1,0.0
Handb. of Water and Used Water Purif.,1,0.0
Harbin Gongye Daxue Xuebao/Journal of Harbin Institute of Technology,1,0.0
"Hazardous and Trace Materials in Soil and Plants: Sources, Effects, and Management",1,0.0
Fundamental and Biomedical Aspects of Redox Processes,1,0.0
Gaceta Medica de Caracas,1,0.0
Journal of Neuroimmune Pharmacology,1,0.0
Journal of Non-Crystalline Solids,1,0.0
Journal of Ocean University of China,1,0.0
Journal of Oil Palm Research,1,0.0
Journal of Oleo Science,1,0.0
Journal of Optics (India),1,0.0
Journal of Orthopaedic Translation,1,0.0
Applied Biochemistry and Microbiology,1,0.0
Journal of King Saud University - Science,1,0.0
Journal of Knowledge and Health in Basic Medical Sciences,1,0.0
Journal of Korea Society of Waste Management,1,0.0
Journal of Korean Institute of Metals and Materials,1,0.0
Journal of Materials Engineering,1,0.0
Journal of Materials Research and Technology,1,0.0
Journal of Materials Science: Materials in Engineering,1,0.0
Journal of Mechanical Engineering,1,0.0
Journal of Physics D: Applied Physics,1,0.0
Journal of Phytomedicine and Therapeutics,1,0.0
Journal of Polymer Engineering,1,0.0
Journal of Molecular Graphics and Modelling,1,0.0
Journal of Nanomaterials,1,0.0
Journal of Nanotechnology,1,0.0
Journal of Natural Gas Science and Engineering,1,0.0
Giornale Italiano di Nefrologia,1,0.0
Glass Physics and Chemistry,1,0.0
Gongcheng Kexue Yu Jishu/Advanced Engineering Sciences,1,0.0
Frontiers in Marine Science,1,0.0
Frontiers in Materials,1,0.0
Frontiers in Plant Science,1,0.0
Frontiers in Soil Science,1,0.0
Frontiers in Water,1,0.0
Journal of Natural Remedies,1,0.0
Journal of Pharmaceutical Investigation,1,0.0
Journal of Pharmaceutical Sciences,1,0.0
Journal of Pharmaceutical and Biomedical Analysis Open,1,0.0
Journal of Pharmacy and Bioallied Sciences,1,0.0
Frontiers in cellular and infection microbiology,1,0.0
Fuel Processing Technology,1,0.0
Functional Materials Letters,1,0.0
Functional and Integrative Genomics,1,0.0
Asian Journal of Green Chemistry,1,0.0
"Asian Journal of Water, Environment and Pollution",1,0.0
Asian Pacific Journal of Tropical Biomedicine,1,0.0
Australian Journal of Chemistry,1,0.0
BMC Biotechnology,1,0.0
Journal of Physical Chemistry B,1,0.0
Journal of Physical Chemistry C,1,0.0
Journal of Physics Condensed Matter,1,0.0
Journal of Polymer Research,1,0.0
Journal of Pure and Applied Microbiology,1,0.0
Journal of Renewable Materials,1,0.0
Journal of Science: Advanced Materials and Devices,1,0.0
BMC Nephrology,1,0.0
BMC research notes,1,0.0
BMJ Open,1,0.0
Baghdad Science Journal,1,0.0
"Food Additives and Contaminants - Part A Chemistry, Analysis, Control, Exposure and Risk Assessment",1,0.0
Food Packaging and Shelf Life,1,0.0
Food Science of Animal Resources,1,0.0
Journal of Scientific and Industrial Research,1,0.0
Journal of Solid State Electrochemistry,1,0.0
Journal of Surfactants and Detergents,1,0.0
Journal of Sustainability Research,1,0.0
Journal of Payavard Salamat,1,0.0
Evidence-based Complementary and Alternative Medicine,1,0.0
Experimental Dermatology,1,0.0
Exploratory Animal and Medical Research,1,0.0
Analytical Sciences,1,0.0
Analytical and Bioanalytical Chemistry Research,1,0.0
Analytical biochemistry,1,0.0
Analytical chemistry,1,0.0
Andrologia,1,0.0
Journal of Tianjin Polytechnic University,1,0.0
Journal of Trace Elements in Medicine and Biology,1,0.0
Journal of Ultrafine Grained and Nanostructured Materials,1,0.0
Journal of Veterinary Research (Poland),1,0.0
Journal of Water Sanitation and Hygiene for Development,1,0.0
Journal of Water and Environmental Nanotechnology,1,0.0
Journal of Wildlife Diseases,1,0.0
Journal of applied biomaterials & functional materials,1,0.0
Journal of the Faculty of Engineering and Architecture of Gazi University,1,0.0
Journal of the Nigerian Society of Physical Sciences,1,0.0
Journal of the Serbian Chemical Society,1,0.0
Journal of dental research,1,0.0
Journal of food science,1,0.0
Journal of molecular graphics & modelling,1,0.0
Analytical Chemistry Letters,1,0.0
Food and Fermentation Industries,1,0.0
Food and chemical toxicology : an international journal published for the British Industrial Biological Research Association,1,0.0
"Food, Medical, and Environmental Applications of Polysaccharides",1,0.0
Frontiers in Agronomy,1,0.0
Frontiers in Bioengineering and Biotechnology,1,0.0
Frontiers in Energy Research,1,0.0
"Eskape Pathogens: Detection, Mechanisms and Treatment Strategies",1,0.0
Eurasian Journal of Chemistry,1,0.0
European journal of pharmaceutics and biopharmaceutics : official journal of Arbeitsgemeinschaft fur Pharmazeutische Verfahrenstechnik e.V,1,0.0
Environmental Technology & Innovation,1,0.0
"Environmental Technology and Sustainability: Physical, Chemical and Biological Technologies for Environmental Protection",1,0.0
Environmental Toxicology and Chemistry,1,0.0
Environmental toxicology and pharmacology,1,0.0
Biochar: Adv. in Res. and Applic.,1,0.0
Biochemical and Biophysical Research Communications,1,0.0
Environmental Engineering and Management Journal,1,0.0
Express Polymer Letters,1,0.0
Extracell. Polysaccharides,1,0.0
FEMS microbiology letters,1,0.0
Fabad Journal of Pharmaceutical Sciences,1,0.0
Fangzhi Xuebao/Journal of Textile Research,1,0.0
Faraday Discussions,1,0.0
Environmental Reviews,1,0.0
Environmental Science and Policy,1,0.0
Environmental Stresses in Crop Sciences,1,0.0
Bio-protocol,1,0.0
Management and Mitigation of Emerging Pollutants,1,0.0
Marine environmental research,1,0.0
Materialia,1,0.0
Jundishapur Journal of Microbiology,1,0.0
Korean Chemical Engineering Research,1,0.0
LWT,1,0.0
Langmuir : the ACS journal of surfaces and colloids,1,0.0
Livestock Science,1,0.0
Luminescence : the journal of biological and chemical luminescence,1,0.0
Macromolecular Chemistry and Physics,1,0.0
Macromolecular Reaction Engineering,1,0.0
Journal of nanoscience and nanotechnology,1,0.0
Journal of pharmaceutical and biomedical analysis,1,0.0
Journal of the American Ceramic Society,1,0.0
Journal of the Australian Ceramic Society,1,0.0
Membrane Technology,1,0.0
Mendeleev Communications,1,0.0
Macromolecular Research,1,0.0
Macromolecular Theory and Simulations,1,0.0
Macromolecular rapid communications,1,0.0
Malaysian Journal of Chemistry,1,0.0
Manag. and Mitig. of Emerg. Pollut.,1,0.0
Environmental Micropollutants: A Volume in Advances in Pollut. Research,1,0.0
Environmental Modeling and Assessment,1,0.0
"Environmental Nexus Approach: Management of Water, Waste, and Soil",1,0.0
Environmental Pollutants and Bioavailability,1,0.0
Environmental Pollution and Management,1,0.0
Environmental Approach to Remediate Refractory Pollutants from Industrial Wastewater Treatment Plant,1,0.0
Environmental Challenges,1,0.0
Bangladesh Journal of Medical Science,1,0.0
Beilstein Journal of Nanotechnology,1,0.0
Microbial Cell Factories,1,0.0
Microbial cell factories,1,0.0
Materials Research,1,0.0
Materials Today Advances,1,0.0
Materials Today Bio,1,0.0
BioMed Research International,1,0.0
Biochar Applications for Wastewater Treatment,1,0.0
Biochar Production for Green Economy: Agricultural and Environmental Perspectives,1,0.0
"Biochar for Environmental Remediation: Principles, Applications, and Prospects",1,0.0
Eng. Mater.,1,0.0
Engineered Science,1,0.0
Engineering,1,0.0
"Engineering, Technology and Applied Science Research",1,0.0
Environ. Footpr. Eco-Des. Product Process.,1,0.0
Medicine in Microecology,1,0.0
Membrane Assisted Water Purificatio,1,0.0
Microbiological research,1,0.0
Meta Gene,1,0.0
Metals,1,0.0
Methods Mol. Biol.,1,0.0
"Microalgae and One Health: Fundamentals, Biocompounds, and Health and Environmental Applications",1,0.0
"Microb. Biomolecules: Emerg. Approach in Agriculture, Pharmaceuticals and Environment Management",1,0.0
Microbe (Netherlands),1,0.0
Environment Conservation Journal,1,0.0
Environment and Ecology Research,1,0.0
Emerg. Innovative Trends in the Application of Biological Processes for Industrial Wastewater Treatment,1,0.0
Emerg. Trends in Microb. Electrochemical Technologies for Sustainable Mitig. of Water Resources Contamination: Microb. Electrochemical Technologies in Wastewater Treat.,1,0.0
Emerging Contaminants: Sustainable Agriculture and the Environment,1,0.0
Encyclopedia of Nanomaterials,1,0.0
Microbes Based Approaches for the Management of Hazardous Contaminants,1,0.0
Microbial Bioremediation & Biodegradation,1,0.0
Microbial Biotechnology,1,0.0
"Agrosystems, Geosciences and Environment",1,0.0
Energy Nexus,1,0.0
Energy Reports,1,0.0
"Energy Sources, Part A: Recovery, Utilization and Environmental Effects",1,0.0
Energy and Environmental Materials,1,0.0
Eng,1,0.0
Ecologies,1,0.0
Ecosystem Health and Sustainability,1,0.0
"Ecotoxicology (London, England)",1,0.0
Egyptian Journal of Aquatic Biology and Fisheries,1,0.0
Al-Khwarizmi Engineering Journal,1,0.0
Algae Mediated Bioremediation: Industrial Prospectives: Volume 2,1,0.0
Algal Biomass Technology and Research: Sustainable Solutions in Diverse Industries: Volume 2: Algal Biomass for Environmental and Sustainable Biorefinery Applications,1,0.0
Alternatives to Antibiotics: Recent Trends and Future Prospects,1,0.0
An Introduction to Aluminosilicates,1,0.0
Anais da Academia Brasileira de Ciencias,1,0.0
Nano Today,1,0.0
Nano Trends,1,0.0
Nano-Biotechnological Advancements in Environmental Issues: Applications and Challenges,1,0.0
"Nano-biosorbents for Decontam. of Water, Air, and Soil Pollut.",1,0.0
Nanochemistry Research,1,0.0
Nanocomposites,1,0.0
Microbiology Spectrum,1,0.0
Microbiome,1,0.0
Mine Water and the Environment,1,0.0
Mini-Reviews in Organic Chemistry,1,0.0
Modeling Earth Systems and Environment,1,0.0
Modern Food Science and Technology,1,0.0
Molecular Crystals and Liquid Crystals,1,0.0
Molecular Systems Design and Engineering,1,0.0
Afinidad,1,0.0
Agriculture (Pol'nohospodarstvo),1,0.0
Nanotechnol. in Wastewater Treatment,1,0.0
"Nanotechnol. to Monitor, Remedy, and Prevent Pollution",1,0.0
Molecular pharmaceutics,1,0.0
Monatshefte fur Chemie,1,0.0
NPG Asia Materials,1,0.0
Nano Express,1,0.0
Nano Materials Science,1,0.0
Egyptian Journal of Botany,1,0.0
Egyptian Pharmaceutical Journal,1,0.0
Electrophoresis,1,0.0
"Emerg. Freshw. Pollutants: Analysis, Fate and Regulations",1,0.0
Diagnostic Microbiology and Infectious Disease,1,0.0
Discover Nano,1,0.0
Disinfection By-products in Drinking Water: Detection and Treatment,1,0.0
Dose-Response,1,0.0
Drug Delivery,1,0.0
Nephrology Dialysis Transplantation,1,0.0
New Microbes and New Infections,1,0.0
New Res. on Mycorrhizal Fungus,1,0.0
New Zealand Journal of Botany,1,0.0
"Next Generation Nanochitosan: Applications in Animal Husb., Aquaculture and Food Conservation",1,0.0
Nongye Gongcheng Xuebao/Transactions of the Chinese Society of Agricultural Engineering,1,0.0
Notulae Botanicae Horti Agrobotanici Cluj-Napoca,1,0.0
Nanofabrication,1,0.0
Nanomaterials for the Detection and Removal of Wastewater Pollutants,1,0.0
"Nanomedicine : nanotechnology, biology, and medicine",1,0.0
Nanoremediation: Modern Technologies for Treatment of Environmental Pollutants,1,0.0
Nanoscale Horizons,1,0.0
Nanoscience and Nanotechnology - Asia,1,0.0
Nanostructured Mater. for Environmental Applications,1,0.0
"Nanosystems: Physics, Chemistry, Mathematics",1,0.0
Nanotechnol. for Environmental Management,1,0.0
"PHAGE: Therapy, Applications, and Research",1,0.0
Nanotechnology and Human Health: Current Research and Future Trends,1,0.0
Nanotechnology for Environmental Remediation,1,0.0
Nat.-based solut. for urban sustain.,1,0.0
Nature Nanotechnology,1,0.0
Nature communications,1,0.0
Drug Delivery and Translational Research,1,0.0
Drug Evaluation Research,1,0.0
Drug discoveries & therapeutics,1,0.0
"Eau, l'Industrie, les Nuisances",1,0.0
Current Research in Microbial Sciences,1,0.0
Current Research in Pharmacology and Drug Discovery,1,0.0
Current microbiology,1,0.0
Current topics in medicinal chemistry,1,0.0
"Daru : journal of Faculty of Pharmacy, Tehran University of Medical Sciences",1,0.0
Data in Brief,1,0.0
Pharmaceutical Nanotechnology,1,0.0
Pharmaceutical Research,1,0.0
Pharmaceutical Sciences,1,0.0
"Phosphonate Chemistry, Technology, and Applications: Synthesis, Chemistry, and Biomedical Applications",1,0.0
"Photocatalytic Systems by Design: Materials, Mechanisms and Applications",1,0.0
Notulae Scientia Biologicae,1,0.0
Novel Mater. for Environmental Remediation Applications: Adsorption and Beyond,1,0.0
"Nucleosides, Nucleotides and Nucleic Acids",1,0.0
Nutrients,1,0.0
Occurrence and Behavior of Emerg. Contaminants in Org. Wastes and Their Control Strategies,1,0.0
"Occurrence, Distribution and Toxic Effects of Emerg. Contaminants",1,0.0
One Health,1,0.0
Open Veterinary Journal,1,0.0
OpenNano,1,0.0
Optics and Laser Technology,1,0.0
Oxidation Communications,1,0.0
Pakistan Journal of Analytical and Environmental Chemistry,1,0.0
Pakistan Journal of Pharmaceutical Sciences,1,0.0
Periodico Tche Quimica,1,0.0
Pharma Times,1,0.0
Defence Life Science Journal,1,0.0
Development in Waste Water Treatment Research and Processes: Role of Environmental Microbiology in Industrial Wastewater Research,1,0.0
Development in Wastewater Treatment Research and Processes: Advances in Industrial Wastewater Treatment Technologies: Remov. of Contaminants and Recovery of Resources,1,0.0
Biochemical and Cellular Archives,1,0.0
Biochemistry,1,0.0
Bioconjugate Chemistry,1,0.0
Biodegradable Waste Manag. in the Circular Econ.: Challenges and Opportunities,1,0.0
Biodegradation,1,0.0
Biodegradation and Biodeterioration at the Nanoscale,1,0.0
Biodegradation and Detoxification of Micropollutants in Industrial Wastewater,1,0.0
Biodiversitas,1,0.0
Pharmaceutical Development and Technology,1,0.0
Polish Journal of Veterinary Sciences,1,0.0
Pollutants,1,0.0
Polymer (Korea),1,0.0
Polymer Composites Derived from Animal Sources,1,0.0
Photochemistry and Photobiology,1,0.0
Photodiagnosis and Photodynamic Therapy,1,0.0
Photonic Sensors,1,0.0
Physical Chemistry Chemical Physics,1,0.0
"Physics Letters, Section A: General, Atomic and Solid State Physics",1,0.0
Physiologia plantarum,1,0.0
Physiological and Molecular Plant Pathology,1,0.0
Physiology and Pharmacology (Iran),1,0.0
Phyton,1,0.0
Phyton-International Journal of Experimental Botany,1,0.0
Phytoremediation for Environmental Sustainability,1,0.0
Plant Journal,1,0.0
Advances in Environmental Technology,1,0.0
Advances in Polymer Technology,1,0.0
Advances in Postharvest and Analytical Technology of Horticulture Crops,1,0.0
Plant and Soil,1,0.0
Plant physiology and biochemistry : PPB,1,0.0
Plants,1,0.0
Plasma Medicine,1,0.0
Biofouling,1,0.0
Biologia,1,0.0
Biological Approaches to Controlling Pollutants,1,0.0
Curr. Dev. in Biotechnol. and Bioeng.: Adv. Membr. Sep. Process. for Sustain. Water and Wastewater Manag. - Case Stud. and Sustain. Anal.,1,0.0
Current Developments in Biotechnology and Bioengineering: Advanced Membrane Separation Processes for Sustainable Water and Wastewater Management - Anaerob. Membrane Bioreactor Processes and Technologies,1,0.0
Current Developments in Biotechnology and Bioengineering: Advances in Biological Wastewater Treatment Systems,1,0.0
Current Developments in Biotechnology and Bioengineering: Emerg. Org. Micro-pollutants,1,0.0
Current Drug Delivery,1,0.0
Current Microbiology,1,0.0
Advanced Membranes,1,0.0
Advanced Pharmaceutical Herb. Nanoscience: Target. Drug Delivery System Part I,1,0.0
Current Nanomaterials,1,0.0
Current Nanomedicine,1,0.0
Current Opinion in Biotechnology,1,0.0
Current Opinion in Electrochemistry,1,0.0
Current Organocatalysis,1,0.0
Current Pharmaceutical Biotechnology,1,0.0
Colloids and Interfaces,1,0.0
Combinatorial Chemistry and High Throughput Screening,1,0.0
Communications in Science and Technology,1,0.0
Compounds,1,0.0
Compr. Anal. Chem.,1,0.0
Advanced Textile Technology,1,0.0
Advancements in Biosurfactants Research,1,0.0
Advances in Condensed Matter Physics,1,0.0
Regenerative Biomaterials,1,0.0
Regional Studies in Marine Science,1,0.0
Regulatory Mechanisms in Biosystems,1,0.0
Removal of Toxic Pollutants through Microbiological and Tertiary Treatment: New Perspectives,1,0.0
Rendiconti Lincei,1,0.0
Polymer-Plastics Technology and Materials,1,0.0
Polysaccharides,1,0.0
Polytechnic Journal,1,0.0
Poultry Science,1,0.0
Probiotics and Antimicrobial Proteins,1,0.0
"Proceedings of the National Academy of Sciences of Belarus, Chemical Series",1,0.0
Progress in Engineering Science,1,0.0
Quimica Nova,1,0.0
Polymer International,1,0.0
"Polymer Nanocomposite Membranes in Water Treatment and Desalination: Recent Developments, Future Opportunities, and Sustainable Applications",1,0.0
Advanced Materials,1,0.0
Results in Physics,1,0.0
Reviews in Inorganic Chemistry,1,0.0
Revista Brasileira de Geografia Fisica,1,0.0
RSC Applied Interfaces,1,0.0
RSC Chemical Biology,1,0.0
Reaction Chemistry and Engineering,1,0.0
Computational Toxicology,1,0.0
Contaminants of Emerg. Concern in Water and Wastewater: Advanced Treatment Processes,1,0.0
Controlling Environmental Antipollut.: Practical Solutions,1,0.0
Cost Effective Technologies for Solid Waste and Wastewater Treatment,1,0.0
Critical Reviews in Microbiology,1,0.0
Clean Technologies,1,0.0
"Clean Technologies Toward a Sustainable Future: Phys., Biochemical and Biotech. Approaches",1,0.0
Cleaner Chemical Engineering,1,0.0
Cleaner Engineering and Technology,1,0.0
Reactions,1,0.0
Role of Microbes in Industrial Prod. and Proc.,1,0.0
Sadhana - Academy Proceedings in Engineering Sciences,1,0.0
Renewable and Sustainable Energy Reviews,1,0.0
Research,1,0.0
Research Journal of Pharmacy and Technology,1,0.0
Research in microbiology,1,0.0
Resources,1,0.0
Clinical and Experimental Hypertension,1,0.0
Cogent Engineering,1,0.0
Colloid Journal,1,0.0
Colloid and Interface Science Communications,1,0.0
Chimica Techno Acta,1,0.0
Chinese Herbal Medicines,1,0.0
Chinese Journal of Applied Chemistry,1,0.0
Chinese Journal of Applied and Environmental Biology,1,0.0
Chinese Journal of Chemistry,1,0.0
Chemicke Listy,1,0.0
Chemistry & biodiversity,1,0.0
Chemistry (Switzerland),1,0.0
Scientific Data,1,0.0
Scientific Journal of Kurdistan University of Medical Sciences,1,0.0
Sensing and Imaging,1,0.0
Sensors,1,0.0
"Sensors (Basel, Switzerland)",1,0.0
Sensors International,1,0.0
Sensors and Actuators Reports,1,0.0
Revista Brasileira de Recursos Hidricos,1,0.0
Revista Romana de Materiale/ Romanian Journal of Materials,1,0.0
Revista de Gestao Social e Ambiental,1,0.0
Revista de la Facultad de Agronomia,1,0.0
Rhizobiont in Bioremediation of Hazard. Waste,1,0.0
Rocznik Ochrona Srodowiska,1,0.0
Scientia Horticulturae,1,0.0
Chemistry Journal of Moldova,1,0.0
Chemistry and Biodiversity,1,0.0
Chemistry of Materials,1,0.0
Chiang Mai Journal of Science,1,0.0
ChemPhotoChem,1,0.0
Chinese Journal of Polymer Science (English Edition),1,0.0
Chinese Journal of Tissue Engineering Research,1,0.0
Chitosan in Drug Delivery,1,0.0
Chitosan-Based Nanoparticles for Biomedical Applications,1,0.0
Chromatographia,1,0.0
Clay Minerals,1,0.0
Chemical Thermodynamics and Thermal Analysis,1,0.0
Chemical and Biochemical Engineering Quarterly,1,0.0
Chemical and Biological Technologies in Agriculture,1,0.0
Chemical and Pharmaceutical Bulletin,1,0.0
Soil and Sediment Contamination,1,0.0
Solar Energy Materials and Solar Cells,1,0.0
Solar RRL,1,0.0
Separation Science Plus,1,0.0
AWWA Water Science,1,0.0
Acta Biomaterialia,1,0.0
Acta Hydrobiologica Sinica,1,0.0
Acta Pharmaceutica Sinica B,1,0.0
Acta of Bioengineering and Biomechanics,1,0.0
Adv. Chem. Pollut. Environ. Manag. Prot.,1,0.0
Adv. in Chem. Res. Vol. 69,1,0.0
"Advanced Journal of Chemistry, Section A",1,0.0
Sains Tanah,1,0.0
Science Bulletin,1,0.0
Science China Technological Sciences,1,0.0
Science of The Total Environment,1,0.0
Sustainable Chemistry for Climate Action,1,0.0
Shengwu Gongcheng Xuebao/Chinese Journal of Biotechnology,1,0.0
Sichuan da xue xue bao. Yi xue ban = Journal of Sichuan University. Medical science edition,1,0.0
Silicon,1,0.0
SmartMat,1,0.0
Soil Science Society of America Journal,1,0.0
Chemical Physics,1,0.0
Chemical Problems,1,0.0
Chemical Science,1,0.0
ChemEngineering,1,0.0
Biological Trace Element Research,1,0.0
Biomass for Environmental Remediation,1,0.0
"Biomass, Biofuels, Biochemicals: Circular Bioeconomy: Technologies for Waste Remediation",1,0.0
Biomass-Derived Materials for Environmental Applications,1,0.0
Biomater. for Photocatalysis: Promising New Materials,1,0.0
Soil and Environmental Health,1,0.0
South African Journal of Science,1,0.0
Spanish Journal of Soil Science,1,0.0
Springer. Proc. Mater.,1,0.0
Structural Chemistry,1,0.0
Studia Universitatis Babes-Bolyai Chemia,1,0.0
Biomaterials science,1,0.0
Biomedical Chromatography,1,0.0
Biomedical Materials (Bristol),1,0.0
Biomedical Materials and Devices,1,0.0
Carbohydrate Research,1,0.0
Carbon-based Composites and Nanocomposites: Adsorbents and Membranes for Environmental Remediation,1,0.0
Catalysis Reviews - Science and Engineering,1,0.0
Suranaree Journal of Science and Technology,1,0.0
Surface Technology,1,0.0
Surface and Coatings Technology,1,0.0
Sustainable Chemistry,1,0.0
Traditional and Novel Adsorbents for Antibiotics Removal from Wastewater,1,0.0
Transboundary and Emerging Diseases,1,0.0
Transition Metal Chemistry,1,0.0
Translational Animal Science,1,0.0
Trends in Biol. Process. in Ind. Wastewater Treat.,1,0.0
Sustainable Energy Technologies and Assessments,1,0.0
Sustainable Environment Research,1,0.0
Sustainable Environmental Clean-up: Green Remediation,1,0.0
Sustainable Food Technology,1,0.0
Sustainable Horizons,1,0.0
Synthesizing and Characterizing Plant- Mediated Biocompatible Metal Nanoparticles,1,0.0
Technol. Solut. for Water Sustain.: Chall. & Prospect. - towards a water secure India,1,0.0
"Tenside, Surfactants, Detergents",1,0.0
The Future of Effluent Treatment Plants: Biological Treatment Systems,1,0.0
The Handb. of Pap.Based Sensors and Devices: Volume 1: Mater. and Technologies,1,0.0
South African Journal of Chemistry,1,0.0
Urban Climate,1,0.0
"Urban Watershed Microbiology, Volume 1: Metagenomic Insights and Resistance Patterns, and Monitoring Approaches",1,0.0
The ISME journal,1,0.0
The Journal of steroid biochemistry and molecular biology,1,0.0
Theranostics,1,0.0
Thin Solid Films,1,0.0
Total Environment Research Themes,1,0.0
Catalysis Surveys from Asia,1,0.0
Cell biochemistry and function,1,0.0
Cell proliferation,1,0.0
"Cellulose Based Hydrogels: Production, Properties, and Applications",1,0.0
ChemBioEng Reviews,1,0.0
Brazilian Archives of Biology and Technology,1,0.0
Brazilian Journal of Analytical Chemistry,1,0.0
Bulgarian Journal of Agricultural Science,1,0.0
Bulletin of the Chemical Society of Ethiopia,1,0.0
Trends in Food Science and Technology,1,0.0
Tungsten,1,0.0
Turk. Lang.,1,0.0
Bulletin of the Chemical Society of Japan,1,0.0
Bulletin of the Chinese Ceramic Society,1,0.0
CTU Journal of Innovation and Sustainable Development,1,0.0
Cailiao Daobao/Materials Reports,1,0.0
Canadian Journal of Infectious Diseases and Medical Microbiology,1,0.0
Bionatura,1,0.0
Biophysical Reviews,1,0.0
Biophysical chemistry,1,0.0
"Biopolymer Membranes and Films: Health, Food, Environment, and Energy Applications",1,0.0
Biopolymers,1,0.0
Biopolymers for Biomedical Applications,1,0.0
Bioprospecting of Multi-tasking Fungi for a Sustainable Environment: Volume I,1,0.0
Turkish Journal of Engineering,1,0.0
Water Resources Research,1,0.0
Wuji Cailiao Xuebao/Journal of Inorganic Materials,1,0.0
3D Printing and Additive Manufacturing,1,0.0
ACS Applied Energy Materials,1,0.0
ACS Applied Optical Materials,1,0.0
Zhongguo Kexue Jishu Kexue/Scientia Sinica Technologica,1,0.0
Zhongguo Youse Jinshu Xuebao/Chinese Journal of Nonferrous Metals,1,0.0
Zinc-Based Nanostructures for Environmental and Agricultural Applications,1,0.0
Water and Environmental Challenges in a Changing World,1,0.0
"Water and Wastewater: Assess., Treatment and Management Using New Technologies",1,0.0
npj 2D Materials and Applications,1,0.0
World Sustain. Ser.,1,0.0
Vegetos,1,0.0
Veterinary Research Communications,1,0.0
Veterinary research communications,1,0.0
Vibrational Spectroscopy,1,0.0
International Journal of Nanoelectronics and Materials,1,0.0
International Journal of Nanoscience and Nanotechnology,1,0.0
International Journal of Nanotechnology,1,0.0
International Journal of Pharmaceutical Quality Assurance,1,0.0
Aquaculture International,1,0.0
Aquananotechnology: Applications of Nanomaterials for Water Purification,1,0.0
Aquatic Toxicology,1,0.0
Archives of Biochemistry and Biophysics,1,0.0
mBio,1,0.0
mSphere,1,0.0
Biomedical and Biotechnology Research Journal,1,0.0
Biomedical chromatography : BMC,1,0.0
Biomedicines,1,0.0
Biomolecules,1,0.0
AIP Advances,1,0.0
Water Res. Dev. Manag.,1,0.0
